操作系统概述,操作系统的概念,CONTAIN
操作系统概述,操作系统的发展历史与分类,CONTAIN
操作系统概述,操作系统的主要功能,CONTAIN
操作系统概述,操作系统的主要特征,CONTAIN
操作系统概述,操作系统的结构设计,CONTAIN
操作系统概述,操作系统的运行环境,CONTAIN
操作系统概述,初识Linux操作系统,CONTAIN
进程、线程管理,进程的基本概念,CONTAIN
进程、线程管理,进程控制,CONTAIN
进程、线程管理,线程,CONTAIN
进程、线程管理,Linux进程管理概述,CONTAIN
进程同步与通信,进程同步和互斥,CONTAIN
进程同步与通信,典型进程同步问题详解,CONTAIN
进程同步与通信,管程机制,CONTAIN
进程同步与通信,进程通信,CONTAIN
进程同步与通信,Linux进程通信概述,CONTAIN
处理机调度,三级调度体系,CONTAIN
处理机调度,进程调度目标和调度方式,CONTAIN
处理机调度,调度算法的评价准则,CONTAIN
处理机调度,典型进程调度算法,CONTAIN
处理机调度,线程调度算法,CONTAIN
处理机调度,实时调度算法,CONTAIN
处理机调度,Linux进程调度概述,CONTAIN
死锁,死锁的基本概念和产生原因,CONTAIN
死锁,死锁的必要条件,CONTAIN
死锁,死锁的处理,CONTAIN
死锁,死锁的静态预防,CONTAIN
死锁,死锁的动态避免,CONTAIN
死锁,死锁的检测和解除,CONTAIN
死锁,线程死锁,CONTAIN
内存管理,内存管理概述,CONTAIN
内存管理,程序的链接和装入,CONTAIN
内存管理,连续分配方式,CONTAIN
内存管理,基本分页存储管理方式,CONTAIN
内存管理,基本分段存储管理方式,CONTAIN
内存管理,基本段页式存储管理方式,CONTAIN
虚拟存储管理,覆盖与交换技术,CONTAIN
虚拟存储管理,虚拟存储管理,CONTAIN
虚拟存储管理,请求分页存储管理方式,CONTAIN
虚拟存储管理,请求分段存储管理方式,CONTAIN
虚拟存储管理,请求段页式存储管理方式,CONTAIN
虚拟存储管理,存储管理方案总结,CONTAIN
虚拟存储管理,Linux存储管理概述,CONTAIN
I/O设备管理,I/O设备管理概述,CONTAIN
I/O设备管理,I/O系统,CONTAIN
I/O设备管理,I/O软件,CONTAIN
I/O设备管理,设备分配与回收,CONTAIN
I/O设备管理,缓冲管理,CONTAIN
I/O设备管理,磁盘存储器管理,CONTAIN
I/O设备管理,I/O控制,CONTAIN
I/O设备管理,Linux设备管理,CONTAIN
文件系统,文件的基本概念,CONTAIN
文件系统,文件系统,CONTAIN
文件系统,文件结构,CONTAIN
文件系统,文件目录和目录查询,CONTAIN
文件系统,文件存储空间管理,CONTAIN
文件系统,文件的共享与保护,CONTAIN
文件系统,文件系统的可靠性,CONTAIN
文件系统,Linux文件管理,CONTAIN
